df1,df2,statistic,p
1,52,4.709839181142596,0.03458029951407908
