df1,df2,statistic,p
1,41,0.40522149420244546,0.5279431324190671
