df1,df2,statistic,p
<<<<<<< HEAD
1,52,4.709839181142596,0.03458029951407908
=======
1,41,0.40522149420244546,0.5279431324190671
>>>>>>> d6e18042f644ae6d08db0e97f1ba06b9a56c5bd8
