UserID,cenario,media,dimensao1,dimensao2,dimensao3,dimensao4,dimensao5,dimensao6,dimensao7,dimensao8,dimensao9,Q1,Q2,Q3,Q4,Q5,Q6,Q7,Q8,Q9,Q10,Q11,Q12,Q13,Q14,Q15,Q16,Q17,Q18,Q19,Q20,Q21,Q22,Q23,Q24,Q25,Q26,Q27,Q28,Q29,Q30,Q31,Q32,Q33,Q34,Q35,Q36
<<<<<<< HEAD
edc27f35,n達o gamificado,3.933333333,4,4,4,4,4,3.4,4,4,4,4,4,4,4,4,4,4,4,4,4,4,4,4,4,4,4,4,4,4,4,4,4,4,4,4,4,4,4,4,4,4,4,4,4,4,4
e941433d,n達o gamificado,1.327777778,1.5,1,1,1,1,3.2,1,1,1.25,2,2,1,1,1,1,1,1,1,1,1,1,1,1,1,1,1,1,1,1,1,1,1,1,1,1,1,1,1,1,1,1,1,1,1,2
9aef9088,gamificado,1.644444444,1.5,1.5,1.5,1.5,1.5,2.8,1.5,1.5,1.5,1,2,1,2,1,2,1,2,1,2,1,2,1,2,1,2,1,2,1,2,1,2,1,2,1,2,1,2,1,2,1,2,1,2,1,2
=======
3054a6b0,n達o gamificado,3.933333333,4,4,4,4,4,3.4,4,4,4,4,4,4,4,4,4,4,4,4,4,4,4,4,4,4,4,4,4,4,4,4,4,4,4,4,4,4,4,4,4,4,4,4,4,4,4
ecd05cb6,n達o gamificado,1.327777778,1.5,1,1,1,1,3.2,1,1,1.25,2,2,1,1,1,1,1,1,1,1,1,1,1,1,1,1,1,1,1,1,1,1,1,1,1,1,1,1,1,1,1,1,1,1,1,2
2d7b15a3,gamificado,1.644444444,1.5,1.5,1.5,1.5,1.5,2.8,1.5,1.5,1.5,1,2,1,2,1,2,1,2,1,2,1,2,1,2,1,2,1,2,1,2,1,2,1,2,1,2,1,2,1,2,1,2,1,2,1,2
>>>>>>> d6e18042f644ae6d08db0e97f1ba06b9a56c5bd8
